Name,PSNR,SSI,SMPI,SSIM,MEAN_in,MEAN_out
0.tif,44.808540139212,0.8659908771514893,0.8812335096299648,0.972078102968876,768.9508666992188,768.9684448242188
1.tif,43.922715646616545,0.8568354249000549,0.8645675145962741,0.9666923927355366,994.5228271484375,994.5137939453125
2.tif,34.240911080949815,0.8958786725997925,0.920366414822638,0.8632562333781171,2816.346923828125,2816.319580078125
3.tif,43.56934071146647,0.9522168040275574,0.9707948563154787,0.9644777707033194,949.2778930664062,949.2583618164062
4.tif,38.37904793290575,0.9778164029121399,1.0069224646431394,0.940058399388564,1635.90869140625,1635.87890625
