Name,PSNR,SSI,SMPI,SSIM,MEAN_in,MEAN_out
0.tif,42.27683910342347,0.710656464099884,0.7123937357391696,0.9523088559321341,768.9508666992188,768.9533081054688
1.tif,40.38535955081546,0.7147892713546753,0.7157044892301201,0.931718809565478,994.5228271484375,994.5215454101562
2.tif,30.048819437686298,0.7721770405769348,0.7789662181166932,0.7528427450131473,2816.346923828125,2816.355712890625
3.tif,43.029307702650065,0.749131441116333,0.7492687304111314,0.9622018830105021,949.2778930664062,949.278076171875
4.tif,36.498702975675485,0.8190041184425354,0.81980339018628,0.9210422458382747,1635.90869140625,1635.90771484375
